timestamp,total_MB,used_MB,available_MB,percent,free_MB,active_MB,inactive_MB,buffers_MB,cached_MB,swap_total_MB,swap_used_MB,swap_free_MB
2025-07-05 19:06:56,15695.24,1885.26,13240.97,15.6,11122.62,1775.65,1292.96,242.81,2444.55,2048.0,0.0,2048.0
2025-07-05 19:06:57,15695.24,1912.21,13206.01,15.9,11085.89,1800.54,1293.4,242.85,2454.29,2048.0,0.0,2048.0
2025-07-05 19:06:58,15695.24,1623.89,13510.38,13.9,11390.16,1786.62,1293.4,242.85,2438.34,2048.0,0.0,2048.0
2025-07-05 19:06:59,15695.24,1637.31,13496.96,14.0,11376.73,1786.64,1293.41,242.85,2438.35,2048.0,0.0,2048.0
2025-07-05 19:07:00,15695.24,1641.34,13496.98,14.0,11376.69,1786.63,1293.41,242.85,2434.36,2048.0,0.0,2048.0
2025-07-05 19:07:01,15695.24,1645.47,13492.86,14.0,11372.55,1786.78,1293.42,242.85,2434.37,2048.0,0.0,2048.0
2025-07-05 19:07:02,15695.24,1643.64,13494.68,14.0,11374.4,1786.82,1293.42,242.86,2434.34,2048.0,0.0,2048.0
2025-07-05 19:07:03,15695.24,1653.43,13484.89,14.1,11364.61,1786.99,1293.42,242.86,2434.34,2048.0,0.0,2048.0
2025-07-05 19:07:04,15695.24,1658.28,13480.04,14.1,11359.76,1787.31,1293.42,242.86,2434.34,2048.0,0.0,2048.0
2025-07-05 19:07:05,15695.24,1657.52,13480.8,14.1,11360.52,1787.31,1293.42,242.86,2434.34,2048.0,0.0,2048.0
2025-07-05 19:07:06,15695.24,1651.16,13487.16,14.1,11366.87,1787.05,1293.42,242.86,2434.35,2048.0,0.0,2048.0
2025-07-05 19:07:07,15695.24,1650.9,13487.42,14.1,11367.13,1788.44,1293.42,242.86,2434.34,2048.0,0.0,2048.0
2025-07-05 19:07:08,15695.24,1662.88,13475.45,14.1,11354.56,1785.77,1293.55,242.88,2434.92,2048.0,0.0,2048.0
2025-07-05 19:07:09,15695.24,1752.8,13385.52,14.7,11264.41,1881.18,1293.63,242.88,2435.15,2048.0,0.0,2048.0
2025-07-05 19:07:10,15695.24,1749.15,13389.09,14.7,11267.73,1787.7,1293.76,243.02,2435.33,2048.0,0.0,2048.0
2025-07-05 19:07:11,15695.24,1735.84,13402.46,14.6,11281.05,1787.62,1293.79,243.02,2435.33,2048.0,0.0,2048.0
2025-07-05 19:07:12,15695.24,1746.2,13392.11,14.7,11270.09,1787.64,1294.29,243.04,2435.91,2048.0,0.0,2048.0
2025-07-05 19:07:13,15695.24,1730.04,13408.28,14.6,11286.25,1786.73,1294.3,243.05,2435.89,2048.0,0.0,2048.0
2025-07-05 19:07:14,15695.24,1722.25,13416.07,14.5,11294.03,1786.73,1294.3,243.05,2435.9,2048.0,0.0,2048.0
2025-07-05 19:07:15,15695.24,1715.61,13422.71,14.5,11300.67,1786.54,1294.3,243.05,2435.9,2048.0,0.0,2048.0
2025-07-05 19:07:16,15695.24,1710.27,13428.05,14.4,11306.0,1786.79,1294.3,243.05,2435.91,2048.0,0.0,2048.0
2025-07-05 19:07:17,15695.24,1707.19,13431.13,14.4,11309.08,1786.57,1294.3,243.05,2435.91,2048.0,0.0,2048.0
2025-07-05 19:07:18,15695.24,1705.68,13432.63,14.4,11310.59,1786.57,1294.3,243.06,2435.91,2048.0,0.0,2048.0
2025-07-05 19:07:19,15695.24,1698.96,13439.36,14.4,11317.3,1786.57,1294.3,243.06,2435.92,2048.0,0.0,2048.0
2025-07-05 19:07:20,15695.24,1683.32,13454.99,14.3,11332.94,1786.57,1294.3,243.06,2435.92,2048.0,0.0,2048.0
2025-07-05 19:07:21,15695.24,1702.58,13435.73,14.4,11313.68,1786.57,1294.3,243.06,2435.92,2048.0,0.0,2048.0
2025-07-05 19:07:22,15695.24,1671.7,13466.61,14.2,11344.56,1786.57,1294.3,243.06,2435.92,2048.0,0.0,2048.0
2025-07-05 19:07:23,15695.24,1693.85,13444.46,14.3,11322.4,1786.59,1294.3,243.07,2435.92,2048.0,0.0,2048.0
2025-07-05 19:07:24,15695.24,1679.17,13459.14,14.2,11337.08,1786.59,1294.3,243.07,2435.92,2048.0,0.0,2048.0
2025-07-05 19:07:25,15695.24,1670.62,13467.7,14.2,11345.63,1786.59,1294.31,243.07,2435.92,2048.0,0.0,2048.0
2025-07-05 19:07:26,15695.24,1667.46,13470.86,14.2,11348.79,1786.59,1294.31,243.07,2435.92,2048.0,0.0,2048.0
2025-07-05 19:07:27,15695.24,1652.88,13485.45,14.1,11363.38,1786.59,1294.31,243.07,2435.92,2048.0,0.0,2048.0
2025-07-05 19:07:28,15695.24,1636.35,13501.84,14.0,11379.77,1782.17,1294.32,243.08,2436.04,2048.0,0.0,2048.0
2025-07-05 19:07:29,15695.24,1630.09,13508.1,13.9,11386.02,1782.17,1294.32,243.08,2436.04,2048.0,0.0,2048.0
2025-07-05 19:07:30,15695.24,1632.63,13505.63,14.0,11383.55,1782.17,1294.32,243.08,2435.98,2048.0,0.0,2048.0
2025-07-05 19:07:31,15695.24,1637.29,13501.03,14.0,11378.95,1782.17,1294.32,243.08,2435.92,2048.0,0.0,2048.0
2025-07-05 19:07:32,15695.24,1633.22,13505.1,14.0,11383.02,1782.18,1294.32,243.08,2435.92,2048.0,0.0,2048.0
2025-07-05 19:07:33,15695.24,1626.7,13511.61,13.9,11389.53,1782.18,1294.32,243.09,2435.92,2048.0,0.0,2048.0
2025-07-05 19:07:34,15695.24,1630.78,13507.53,13.9,11385.45,1782.18,1294.32,243.09,2435.92,2048.0,0.0,2048.0
2025-07-05 19:07:35,15695.24,1633.79,13504.52,14.0,11382.44,1782.18,1294.32,243.09,2435.92,2048.0,0.0,2048.0
2025-07-05 19:07:36,15695.24,1626.12,13512.19,13.9,11390.11,1782.18,1294.33,243.09,2435.92,2048.0,0.0,2048.0
2025-07-05 19:07:37,15695.24,1634.76,13503.56,14.0,11381.47,1782.18,1294.33,243.09,2435.92,2048.0,0.0,2048.0
2025-07-05 19:07:38,15695.24,1623.52,13514.79,13.9,11392.7,1782.18,1294.33,243.09,2435.92,2048.0,0.0,2048.0
2025-07-05 19:07:39,15695.24,1637.97,13500.35,14.0,11378.25,1782.18,1294.34,243.09,2435.92,2048.0,0.0,2048.0
2025-07-05 19:07:40,15695.24,1649.99,13488.32,14.1,11366.23,1782.18,1294.34,243.09,2435.92,2048.0,0.0,2048.0
2025-07-05 19:07:41,15695.24,1662.83,13475.48,14.1,11353.39,1782.18,1294.34,243.09,2435.92,2048.0,0.0,2048.0
2025-07-05 19:07:42,15695.24,1664.8,13473.51,14.2,11351.42,1782.43,1294.34,243.09,2435.92,2048.0,0.0,2048.0
2025-07-05 19:07:43,15695.24,1660.09,13478.22,14.1,11356.13,1782.43,1294.34,243.09,2435.92,2048.0,0.0,2048.0
2025-07-05 19:07:44,15695.24,1654.77,13483.54,14.1,11361.45,1782.19,1294.34,243.1,2435.92,2048.0,0.0,2048.0
2025-07-05 19:07:45,15695.24,1669.69,13468.62,14.2,11346.52,1782.19,1294.34,243.1,2435.92,2048.0,0.0,2048.0
2025-07-05 19:07:46,15695.24,1673.23,13465.08,14.2,11342.98,1782.19,1294.34,243.1,2435.92,2048.0,0.0,2048.0
2025-07-05 19:07:47,15695.24,1659.53,13478.79,14.1,11356.69,1782.19,1294.34,243.1,2435.92,2048.0,0.0,2048.0
2025-07-05 19:07:48,15695.24,1645.4,13492.92,14.0,11370.82,1782.2,1294.34,243.1,2435.92,2048.0,0.0,2048.0
2025-07-05 19:07:49,15695.24,1644.07,13494.25,14.0,11372.14,1782.2,1294.35,243.11,2435.92,2048.0,0.0,2048.0
2025-07-05 19:07:50,15695.24,1651.88,13486.43,14.1,11364.32,1782.21,1294.35,243.11,2435.92,2048.0,0.0,2048.0
2025-07-05 19:07:51,15695.24,1655.89,13482.43,14.1,11360.32,1782.21,1294.35,243.11,2435.92,2048.0,0.0,2048.0
2025-07-05 19:07:52,15695.24,1642.2,13496.12,14.0,11374.01,1782.21,1294.35,243.11,2435.92,2048.0,0.0,2048.0
2025-07-05 19:07:53,15695.24,1657.7,13480.62,14.1,11358.51,1782.21,1294.35,243.11,2435.92,2048.0,0.0,2048.0
2025-07-05 19:07:54,15695.24,1654.22,13484.09,14.1,11361.98,1782.21,1294.35,243.12,2435.92,2048.0,0.0,2048.0
2025-07-05 19:07:55,15695.24,1643.61,13494.7,14.0,11372.59,1782.43,1294.36,243.12,2435.93,2048.0,0.0,2048.0
2025-07-05 19:07:56,15695.24,1658.59,13479.73,14.1,11357.61,1796.14,1294.36,243.12,2435.93,2048.0,0.0,2048.0
2025-07-05 19:07:57,15695.24,1637.38,13500.94,14.0,11378.82,1782.22,1294.36,243.12,2435.93,2048.0,0.0,2048.0
2025-07-05 19:07:58,15695.24,1635.15,13503.17,14.0,11381.05,1782.22,1294.36,243.12,2435.93,2048.0,0.0,2048.0
2025-07-05 19:07:59,15695.24,1639.13,13499.19,14.0,11377.07,1782.22,1294.36,243.12,2435.93,2048.0,0.0,2048.0
2025-07-05 19:08:00,15695.24,1641.36,13496.95,14.0,11374.83,1782.33,1294.36,243.12,2435.93,2048.0,0.0,2048.0
2025-07-05 19:08:01,15695.24,1648.98,13489.34,14.1,11367.21,1782.22,1294.37,243.12,2435.93,2048.0,0.0,2048.0
2025-07-05 19:08:02,15695.24,1661.8,13476.52,14.1,11354.39,1782.22,1294.37,243.12,2435.93,2048.0,0.0,2048.0
2025-07-05 19:08:03,15695.24,1669.55,13468.77,14.2,11346.64,1781.98,1294.37,243.12,2435.93,2048.0,0.0,2048.0
2025-07-05 19:08:04,15695.24,1665.25,13473.06,14.2,11350.93,1782.24,1294.37,243.12,2435.93,2048.0,0.0,2048.0
2025-07-05 19:08:05,15695.24,1654.74,13483.57,14.1,11361.43,1782.07,1294.38,243.13,2435.93,2048.0,0.0,2048.0
2025-07-05 19:08:06,15695.24,1646.87,13491.44,14.0,11369.31,1782.27,1294.38,243.13,2435.93,2048.0,0.0,2048.0
2025-07-05 19:08:08,15695.24,1642.46,13495.86,14.0,11373.72,1782.27,1294.38,243.13,2435.93,2048.0,0.0,2048.0
2025-07-05 19:08:09,15695.24,1642.61,13495.68,14.0,11343.77,1785.36,1312.94,261.64,2447.22,2048.0,0.0,2048.0
2025-07-05 19:08:10,15695.24,1627.42,13510.88,13.9,11358.97,1785.38,1312.95,261.64,2447.21,2048.0,0.0,2048.0
2025-07-05 19:08:11,15695.24,1643.13,13495.16,14.0,11343.25,1785.38,1312.95,261.64,2447.21,2048.0,0.0,2048.0
2025-07-05 19:08:12,15695.24,1650.86,13487.44,14.1,11335.53,1785.38,1312.95,261.64,2447.21,2048.0,0.0,2048.0
2025-07-05 19:08:13,15695.24,1670.16,13468.14,14.2,11316.23,1785.39,1312.95,261.64,2447.21,2048.0,0.0,2048.0
2025-07-05 19:08:14,15695.24,1660.21,13478.09,14.1,11326.17,1785.41,1312.96,261.65,2447.21,2048.0,0.0,2048.0
2025-07-05 19:08:15,15695.24,1647.38,13490.91,14.0,11339.0,1785.41,1312.96,261.65,2447.21,2048.0,0.0,2048.0
2025-07-05 19:08:16,15695.24,1640.38,13497.91,14.0,11345.99,1785.62,1312.96,261.65,2447.21,2048.0,0.0,2048.0
2025-07-05 19:08:17,15695.24,1647.79,13490.5,14.0,11338.59,1785.41,1312.96,261.65,2447.21,2048.0,0.0,2048.0
2025-07-05 19:08:18,15695.24,1664.52,13473.78,14.2,11321.86,1785.41,1312.96,261.65,2447.21,2048.0,0.0,2048.0
2025-07-05 19:08:19,15695.24,1656.96,13481.32,14.1,11329.4,1785.41,1312.96,261.66,2447.21,2048.0,0.0,2048.0
2025-07-05 19:08:20,15695.24,1634.87,13503.41,14.0,11351.5,1783.25,1312.96,261.66,2447.21,2048.0,0.0,2048.0
2025-07-05 19:08:21,15695.24,1632.44,13505.86,13.9,11353.93,1783.29,1312.97,261.66,2447.21,2048.0,0.0,2048.0
2025-07-05 19:08:22,15695.24,1648.19,13490.11,14.0,11338.18,1783.29,1312.97,261.66,2447.21,2048.0,0.0,2048.0
2025-07-05 19:08:23,15695.24,1636.93,13501.37,14.0,11349.44,1783.29,1312.97,261.66,2447.21,2048.0,0.0,2048.0
2025-07-05 19:08:24,15695.24,1644.69,13493.6,14.0,11341.67,1783.29,1312.97,261.66,2447.21,2048.0,0.0,2048.0
2025-07-05 19:08:25,15695.24,1647.05,13491.24,14.0,11339.31,1783.29,1312.97,261.66,2447.21,2048.0,0.0,2048.0
2025-07-05 19:08:26,15695.24,1651.5,13486.79,14.1,11334.86,1783.29,1312.97,261.66,2447.21,2048.0,0.0,2048.0
2025-07-05 19:08:27,15695.24,1671.84,13466.45,14.2,11314.52,1783.29,1312.97,261.66,2447.21,2048.0,0.0,2048.0
2025-07-05 19:08:28,15695.24,1664.21,13474.08,14.2,11322.15,1783.29,1312.97,261.66,2447.21,2048.0,0.0,2048.0
2025-07-05 19:08:29,15695.24,1656.98,13481.3,14.1,11329.37,1783.29,1312.97,261.67,2447.21,2048.0,0.0,2048.0
2025-07-05 19:08:30,15695.24,1644.64,13493.64,14.0,11341.71,1783.29,1312.97,261.67,2447.22,2048.0,0.0,2048.0
2025-07-05 19:08:31,15695.24,1642.4,13495.88,14.0,11343.93,1783.29,1312.97,261.67,2447.23,2048.0,0.0,2048.0
2025-07-05 19:08:32,15695.24,1656.34,13481.95,14.1,11330.0,1783.29,1312.97,261.67,2447.23,2048.0,0.0,2048.0
2025-07-05 19:08:33,15695.24,1639.11,13499.17,14.0,11347.22,1783.29,1312.97,261.67,2447.23,2048.0,0.0,2048.0
2025-07-05 19:08:34,15695.24,1655.46,13482.82,14.1,11330.88,1783.29,1312.97,261.67,2447.23,2048.0,0.0,2048.0
2025-07-05 19:08:35,15695.24,1658.12,13480.17,14.1,11328.2,1783.29,1312.99,261.68,2447.24,2048.0,0.0,2048.0
2025-07-05 19:08:36,15695.24,1650.03,13488.27,14.1,11336.29,1783.29,1312.99,261.68,2447.24,2048.0,0.0,2048.0
2025-07-05 19:08:37,15695.24,1665.25,13473.05,14.2,11321.07,1783.29,1312.99,261.68,2447.24,2048.0,0.0,2048.0
2025-07-05 19:08:38,15695.24,1668.75,13469.54,14.2,11317.56,1783.28,1312.99,261.68,2447.25,2048.0,0.0,2048.0
2025-07-05 19:08:39,15695.24,1675.7,13462.59,14.2,11310.61,1783.21,1312.99,261.68,2447.25,2048.0,0.0,2048.0
2025-07-05 19:08:40,15695.24,1674.9,13463.39,14.2,11311.4,1781.03,1312.99,261.69,2447.25,2048.0,0.0,2048.0
2025-07-05 19:08:41,15695.24,1649.92,13488.37,14.1,11336.38,1781.03,1312.99,261.69,2447.25,2048.0,0.0,2048.0
2025-07-05 19:08:42,15695.24,1647.78,13490.52,14.0,11338.52,1780.83,1313.0,261.69,2447.25,2048.0,0.0,2048.0
2025-07-05 19:08:43,15695.24,1638.29,13500.0,14.0,11348.01,1781.04,1313.0,261.69,2447.25,2048.0,0.0,2048.0
2025-07-05 19:08:44,15695.24,1644.9,13493.39,14.0,11341.39,1780.8,1313.0,261.69,2447.25,2048.0,0.0,2048.0
2025-07-05 19:08:45,15695.24,1653.84,13484.45,14.1,11332.45,1781.11,1313.0,261.7,2447.25,2048.0,0.0,2048.0
2025-07-05 19:08:46,15695.24,1653.24,13485.05,14.1,11333.05,1782.75,1313.0,261.7,2447.25,2048.0,0.0,2048.0
2025-07-05 19:08:47,15695.24,1646.55,13491.74,14.0,11339.74,1781.03,1313.0,261.7,2447.25,2048.0,0.0,2048.0
2025-07-05 19:08:48,15695.24,1662.89,13475.39,14.1,11323.39,1781.03,1313.0,261.7,2447.25,2048.0,0.0,2048.0
2025-07-05 19:08:49,15695.24,1663.27,13475.02,14.1,11323.02,1781.03,1313.0,261.7,2447.26,2048.0,0.0,2048.0
2025-07-05 19:08:50,15695.24,1653.37,13484.91,14.1,11332.91,1781.03,1313.0,261.7,2447.26,2048.0,0.0,2048.0
2025-07-05 19:08:51,15695.24,1641.02,13497.28,14.0,11345.26,1781.04,1313.02,261.7,2447.26,2048.0,0.0,2048.0
2025-07-05 19:08:52,15695.24,1649.41,13488.88,14.1,11336.86,1781.04,1313.02,261.7,2447.26,2048.0,0.0,2048.0
2025-07-05 19:08:53,15695.24,1637.38,13500.92,14.0,11348.9,1781.04,1313.02,261.7,2447.26,2048.0,0.0,2048.0
2025-07-05 19:08:54,15695.24,1658.23,13480.06,14.1,11328.04,1781.04,1313.02,261.7,2447.26,2048.0,0.0,2048.0
2025-07-05 19:08:55,15695.24,1661.74,13476.55,14.1,11324.54,1781.04,1313.02,261.7,2447.26,2048.0,0.0,2048.0
2025-07-05 19:08:56,15695.24,1643.66,13494.64,14.0,11342.61,1781.04,1313.03,261.71,2447.26,2048.0,0.0,2048.0
2025-07-05 19:08:57,15695.24,1656.89,13481.4,14.1,11329.38,1781.04,1313.03,261.71,2447.26,2048.0,0.0,2048.0
2025-07-05 19:08:58,15695.24,1652.64,13485.64,14.1,11333.62,1781.04,1313.03,261.71,2447.26,2048.0,0.0,2048.0
2025-07-05 19:08:59,15695.24,1662.0,13476.3,14.1,11324.27,1781.03,1313.03,261.71,2447.26,2048.0,0.0,2048.0
2025-07-05 19:09:00,15695.24,1653.49,13484.74,14.1,11332.71,1781.03,1313.03,261.71,2447.33,2048.0,0.0,2048.0
2025-07-05 19:09:01,15695.24,1638.67,13499.62,14.0,11347.58,1781.03,1313.04,261.72,2447.27,2048.0,0.0,2048.0
2025-07-05 19:09:02,15695.24,1654.17,13484.12,14.1,11332.08,1781.03,1313.04,261.72,2447.27,2048.0,0.0,2048.0
2025-07-05 19:09:03,15695.24,1664.14,13474.15,14.2,11322.11,1781.03,1313.04,261.72,2447.27,2048.0,0.0,2048.0
2025-07-05 19:09:04,15695.24,1671.29,13467.0,14.2,11314.96,1781.03,1313.04,261.72,2447.27,2048.0,0.0,2048.0
2025-07-05 19:09:05,15695.24,1668.9,13469.39,14.2,11317.35,1781.03,1313.04,261.72,2447.27,2048.0,0.0,2048.0
2025-07-05 19:09:06,15695.24,1661.43,13476.86,14.1,11324.81,1781.03,1313.04,261.73,2447.27,2048.0,0.0,2048.0
2025-07-05 19:09:07,15695.24,1655.14,13483.15,14.1,11331.11,1781.03,1313.04,261.73,2447.27,2048.0,0.0,2048.0
2025-07-05 19:09:08,15695.24,1666.65,13471.64,14.2,11319.59,1781.03,1313.05,261.73,2447.27,2048.0,0.0,2048.0
2025-07-05 19:09:09,15695.24,1670.18,13468.11,14.2,11316.05,1781.03,1313.05,261.73,2447.28,2048.0,0.0,2048.0
2025-07-05 19:09:10,15695.24,1666.83,13471.46,14.2,11319.4,1781.03,1313.05,261.73,2447.28,2048.0,0.0,2048.0
2025-07-05 19:09:11,15695.24,1662.29,13475.98,14.1,11323.92,1781.04,1313.05,261.73,2447.3,2048.0,0.0,2048.0
2025-07-05 19:09:12,15695.24,1662.97,13475.3,14.1,11323.23,1781.04,1313.05,261.73,2447.3,2048.0,0.0,2048.0
2025-07-05 19:09:13,15695.24,1665.9,13472.38,14.2,11320.3,1781.04,1313.05,261.73,2447.3,2048.0,0.0,2048.0
2025-07-05 19:09:14,15695.24,1681.05,13457.22,14.3,11305.14,1781.04,1313.05,261.73,2447.3,2048.0,0.0,2048.0
2025-07-05 19:09:15,15695.24,1696.3,13441.97,14.4,11289.9,1781.05,1313.05,261.73,2447.3,2048.0,0.0,2048.0
2025-07-05 19:09:16,15695.24,1692.48,13445.79,14.3,11293.71,1781.05,1313.05,261.74,2447.3,2048.0,0.0,2048.0
2025-07-05 19:09:17,15695.24,1695.2,13443.07,14.3,11290.99,1781.05,1313.05,261.74,2447.31,2048.0,0.0,2048.0
2025-07-05 19:09:18,15695.24,1689.97,13448.29,14.3,11296.21,1781.05,1313.05,261.74,2447.31,2048.0,0.0,2048.0
2025-07-05 19:09:19,15695.24,1685.45,13452.81,14.3,11300.73,1781.05,1313.05,261.74,2447.32,2048.0,0.0,2048.0
2025-07-05 19:09:20,15695.24,1675.88,13462.39,14.2,11310.3,1781.05,1313.05,261.74,2447.32,2048.0,0.0,2048.0
2025-07-05 19:09:21,15695.24,1664.46,13473.8,14.2,11321.71,1781.07,1313.06,261.74,2447.32,2048.0,0.0,2048.0
2025-07-05 19:09:22,15695.24,1670.15,13468.11,14.2,11316.01,1781.07,1313.06,261.75,2447.32,2048.0,0.0,2048.0
2025-07-05 19:09:23,15695.24,1666.16,13472.1,14.2,11320.0,1781.07,1313.06,261.75,2447.32,2048.0,0.0,2048.0
2025-07-05 19:09:24,15695.24,1673.88,13464.38,14.2,11312.28,1780.98,1313.06,261.75,2447.32,2048.0,0.0,2048.0
2025-07-05 19:09:25,15695.24,1684.57,13453.69,14.3,11301.59,1781.96,1313.06,261.75,2447.32,2048.0,0.0,2048.0
2025-07-05 19:09:26,15695.24,1670.13,13468.14,14.2,11316.03,1782.05,1313.07,261.75,2447.32,2048.0,0.0,2048.0
2025-07-05 19:09:27,15695.24,1654.04,13484.23,14.1,11332.11,1782.0,1313.09,261.76,2447.33,2048.0,0.0,2048.0
2025-07-05 19:09:28,15695.24,1652.18,13486.1,14.1,11333.96,1781.13,1313.1,261.76,2447.33,2048.0,0.0,2048.0
2025-07-05 19:09:29,15695.24,1658.74,13479.55,14.1,11327.41,1781.13,1313.1,261.76,2447.33,2048.0,0.0,2048.0
2025-07-05 19:09:30,15695.24,1671.31,13466.97,14.2,11314.84,1781.13,1313.1,261.76,2447.33,2048.0,0.0,2048.0
2025-07-05 19:09:31,15695.24,1661.1,13477.18,14.1,11325.05,1781.13,1313.1,261.76,2447.33,2048.0,0.0,2048.0
2025-07-05 19:09:32,15695.24,1666.83,13471.45,14.2,11319.31,1781.13,1313.1,261.77,2447.33,2048.0,0.0,2048.0
2025-07-05 19:09:33,15695.24,1662.65,13475.63,14.1,11323.49,1781.36,1313.11,261.77,2447.33,2048.0,0.0,2048.0
2025-07-05 19:09:34,15695.24,1671.93,13466.36,14.2,11314.21,1795.04,1313.11,261.77,2447.33,2048.0,0.0,2048.0
2025-07-05 19:09:35,15695.24,1654.51,13483.77,14.1,11331.63,1781.13,1313.11,261.77,2447.33,2048.0,0.0,2048.0
2025-07-05 19:09:36,15695.24,1675.21,13463.07,14.2,11310.93,1781.13,1313.11,261.77,2447.33,2048.0,0.0,2048.0
2025-07-05 19:09:37,15695.24,1682.27,13456.03,14.3,11303.89,1781.14,1313.11,261.77,2447.31,2048.0,0.0,2048.0
2025-07-05 19:09:38,15695.24,1664.34,13473.96,14.2,11321.81,1781.14,1313.12,261.78,2447.31,2048.0,0.0,2048.0
2025-07-05 19:09:39,15695.24,1653.22,13485.08,14.1,11332.93,1781.14,1313.12,261.78,2447.31,2048.0,0.0,2048.0
2025-07-05 19:09:40,15695.24,1651.42,13486.89,14.1,11334.73,1781.14,1313.12,261.78,2447.31,2048.0,0.0,2048.0
2025-07-05 19:09:41,15695.24,1650.33,13487.98,14.1,11335.82,1781.11,1313.12,261.78,2447.31,2048.0,0.0,2048.0
2025-07-05 19:09:42,15695.24,1633.34,13504.96,14.0,11352.81,1781.11,1313.12,261.78,2447.31,2048.0,0.0,2048.0
2025-07-05 19:09:43,15695.24,1648.09,13490.21,14.0,11338.05,1781.17,1313.12,261.79,2447.31,2048.0,0.0,2048.0
2025-07-05 19:09:44,15695.24,1662.99,13475.32,14.1,11323.16,1781.17,1313.13,261.79,2447.31,2048.0,0.0,2048.0
2025-07-05 19:09:45,15695.24,1678.51,13459.8,14.2,11307.63,1781.17,1313.13,261.79,2447.31,2048.0,0.0,2048.0
2025-07-05 19:09:46,15695.24,1676.4,13461.91,14.2,11309.74,1781.17,1313.13,261.79,2447.31,2048.0,0.0,2048.0
2025-07-05 19:09:47,15695.24,1688.95,13449.36,14.3,11297.2,1781.17,1313.13,261.79,2447.31,2048.0,0.0,2048.0
2025-07-05 19:09:48,15695.24,1670.37,13467.93,14.2,11315.77,1781.17,1313.13,261.79,2447.31,2048.0,0.0,2048.0
2025-07-05 19:09:49,15695.24,1655.31,13483.0,14.1,11330.83,1781.18,1313.14,261.79,2447.31,2048.0,0.0,2048.0
2025-07-05 19:09:50,15695.24,1673.62,13464.69,14.2,11312.52,1781.18,1313.14,261.79,2447.31,2048.0,0.0,2048.0
2025-07-05 19:09:51,15695.24,1684.94,13453.37,14.3,11301.2,1781.18,1313.14,261.79,2447.31,2048.0,0.0,2048.0
2025-07-05 19:09:52,15695.24,1686.23,13452.07,14.3,11299.9,1781.18,1313.14,261.79,2447.31,2048.0,0.0,2048.0
2025-07-05 19:09:53,15695.24,1684.39,13453.91,14.3,11301.73,1781.18,1313.14,261.8,2447.31,2048.0,0.0,2048.0
2025-07-05 19:09:54,15695.24,1675.26,13463.05,14.2,11310.87,1781.18,1313.14,261.8,2447.31,2048.0,0.0,2048.0
2025-07-05 19:09:55,15695.24,1656.35,13481.96,14.1,11329.78,1781.18,1313.14,261.8,2447.31,2048.0,0.0,2048.0
2025-07-05 19:09:56,15695.24,1661.69,13476.62,14.1,11324.44,1781.18,1313.14,261.8,2447.31,2048.0,0.0,2048.0
2025-07-05 19:09:57,15695.24,1667.3,13462.65,14.2,11290.19,1813.79,1330.73,277.43,2460.31,2048.0,0.0,2048.0
2025-07-05 19:09:58,15695.24,1947.3,13091.92,16.6,10853.49,2104.27,1341.71,281.22,2613.23,2048.0,0.0,2048.0
2025-07-05 19:09:59,15695.24,2208.06,12510.04,20.3,10246.93,2384.22,1359.81,281.6,2958.64,2048.0,0.0,2048.0
2025-07-05 19:10:00,15695.24,2340.84,11564.94,26.3,9292.63,2489.85,1366.73,282.05,3779.71,2048.0,0.0,2048.0
2025-07-05 19:10:01,15695.24,2385.61,12178.67,22.4,9895.16,2542.34,1367.93,282.17,3132.3,2048.0,0.0,2048.0
2025-07-05 19:10:02,15695.24,2551.02,12016.84,23.4,9677.53,2749.34,1370.91,282.77,3183.93,2048.0,0.0,2048.0
2025-07-05 19:10:03,15695.24,2586.59,11875.95,24.3,9516.54,2824.13,1373.23,282.94,3309.18,2048.0,0.0,2048.0
2025-07-05 19:10:04,15695.24,2609.87,11818.31,24.7,9456.8,2764.11,1373.37,282.94,3345.63,2048.0,0.0,2048.0
2025-07-05 19:10:05,15695.24,2664.54,11853.84,24.5,9492.27,2764.54,1373.39,282.95,3255.48,2048.0,0.0,2048.0
2025-07-05 19:10:06,15695.24,2668.95,11849.82,24.5,9488.23,2772.66,1373.42,282.96,3255.11,2048.0,0.0,2048.0
2025-07-05 19:10:07,15695.24,2679.3,11838.89,24.6,9477.3,2775.25,1373.42,282.96,3255.68,2048.0,0.0,2048.0
2025-07-05 19:10:08,15695.24,2663.4,11872.48,24.4,9510.92,2773.02,1373.42,282.96,3237.95,2048.0,0.0,2048.0
2025-07-05 19:10:09,15695.24,2648.66,11882.09,24.3,9520.5,2765.65,1373.42,282.96,3243.12,2048.0,0.0,2048.0
2025-07-05 19:10:10,15695.24,2654.16,11893.61,24.2,9531.99,2765.82,1373.42,282.96,3226.13,2048.0,0.0,2048.0
2025-07-05 19:10:11,15695.24,2621.12,11926.75,24.0,9565.14,2765.86,1373.42,282.96,3226.02,2048.0,0.0,2048.0
2025-07-05 19:10:12,15695.24,2613.94,11934.19,24.0,9572.57,2765.91,1373.42,282.97,3225.76,2048.0,0.0,2048.0
2025-07-05 19:10:13,15695.24,2586.55,11952.64,23.8,9590.77,2766.24,1373.43,282.97,3234.95,2048.0,0.0,2048.0
2025-07-05 19:10:14,15695.24,2594.56,11942.71,23.9,9580.51,2771.42,1373.43,282.97,3237.2,2048.0,0.0,2048.0
2025-07-05 19:10:15,15695.24,2593.97,11943.43,23.9,9581.23,2772.22,1373.43,282.97,3237.07,2048.0,0.0,2048.0
2025-07-05 19:10:16,15695.24,2587.57,11949.92,23.9,9587.71,2772.45,1373.43,282.97,3236.98,2048.0,0.0,2048.0
2025-07-05 19:10:17,15695.24,2580.33,11958.45,23.8,9596.23,2772.94,1373.43,282.98,3235.7,2048.0,0.0,2048.0
2025-07-05 19:10:18,15695.24,2576.04,11962.38,23.8,9600.17,2772.66,1373.43,282.98,3236.05,2048.0,0.0,2048.0
2025-07-05 19:10:19,15695.24,2561.4,11976.5,23.7,9614.29,2772.78,1373.43,282.98,3236.57,2048.0,0.0,2048.0
2025-07-05 19:10:20,15695.24,2574.02,11964.41,23.8,9602.2,2784.71,1373.43,282.98,3236.05,2048.0,0.0,2048.0
2025-07-05 19:10:21,15695.24,2555.94,11982.4,23.7,9620.19,2771.13,1373.43,282.98,3236.14,2048.0,0.0,2048.0
2025-07-05 19:10:22,15695.24,2520.31,12018.54,23.4,9656.33,2771.17,1373.43,282.98,3235.61,2048.0,0.0,2048.0
2025-07-05 19:10:23,15695.24,2527.07,12010.79,23.5,9648.57,2771.2,1373.44,282.98,3236.61,2048.0,0.0,2048.0
2025-07-05 19:10:24,15695.24,2534.07,12002.75,23.5,9640.53,2771.27,1373.44,282.98,3237.66,2048.0,0.0,2048.0
2025-07-05 19:10:25,15695.24,2521.3,12014.07,23.5,9651.82,2771.29,1373.44,282.98,3239.13,2048.0,0.0,2048.0
2025-07-05 19:10:26,15695.24,2518.01,12018.26,23.4,9656.0,2771.3,1373.45,282.98,3238.24,2048.0,0.0,2048.0
2025-07-05 19:10:27,15695.24,2521.7,12014.13,23.5,9651.87,2771.32,1373.45,282.99,3238.68,2048.0,0.0,2048.0
2025-07-05 19:10:28,15695.24,2518.78,12017.51,23.4,9655.07,2778.03,1373.62,283.02,3238.36,2048.0,0.0,2048.0
2025-07-05 19:10:29,15695.24,2532.43,12003.98,23.5,9641.54,2776.64,1373.62,283.02,3238.25,2048.0,0.0,2048.0
2025-07-05 19:10:30,15695.24,2522.68,12015.37,23.4,9652.93,2776.57,1373.62,283.02,3236.6,2048.0,0.0,2048.0
2025-07-05 19:10:31,15695.24,2533.09,12004.88,23.5,9642.43,2776.59,1373.63,283.02,3236.69,2048.0,0.0,2048.0
2025-07-05 19:10:32,15695.24,2552.34,11984.89,23.6,9622.45,2776.2,1373.63,283.02,3237.42,2048.0,0.0,2048.0
2025-07-05 19:10:33,15695.24,2538.05,12000.48,23.5,9638.02,2776.33,1373.64,283.03,3236.13,2048.0,0.0,2048.0
2025-07-05 19:10:34,15695.24,2550.04,11987.82,23.6,9625.36,2776.39,1373.64,283.03,3236.8,2048.0,0.0,2048.0
2025-07-05 19:10:35,15695.24,2528.96,12007.34,23.5,9644.89,2776.45,1373.64,283.03,3238.35,2048.0,0.0,2048.0
2025-07-05 19:10:36,15695.24,2519.76,12016.52,23.4,9654.07,2776.46,1373.64,283.03,3238.38,2048.0,0.0,2048.0
2025-07-05 19:10:37,15695.24,2507.32,12029.51,23.4,9667.06,2776.47,1373.64,283.03,3237.83,2048.0,0.0,2048.0
2025-07-05 19:10:38,15695.24,2482.37,12054.8,23.2,9692.35,2769.59,1373.64,283.03,3237.49,2048.0,0.0,2048.0
2025-07-05 19:10:39,15695.24,2483.23,12053.91,23.2,9691.44,2769.6,1373.64,283.04,3237.53,2048.0,0.0,2048.0
2025-07-05 19:10:40,15695.24,2485.29,12051.45,23.2,9688.98,2769.6,1373.64,283.04,3237.93,2048.0,0.0,2048.0
2025-07-05 19:10:41,15695.24,2501.64,12035.44,23.3,9672.96,2769.62,1373.65,283.04,3237.59,2048.0,0.0,2048.0
2025-07-05 19:10:42,15695.24,2505.63,12032.48,23.3,9670.0,2769.64,1373.65,283.04,3236.57,2048.0,0.0,2048.0
2025-07-05 19:10:43,15695.24,2494.77,12043.28,23.3,9680.79,2769.65,1373.65,283.04,3236.63,2048.0,0.0,2048.0
2025-07-05 19:10:44,15695.24,2473.43,12063.69,23.1,9701.2,2769.66,1373.66,283.05,3237.56,2048.0,0.0,2048.0
2025-07-05 19:10:45,15695.24,2486.35,12050.43,23.2,9687.94,2769.65,1373.66,283.05,3237.91,2048.0,0.0,2048.0
2025-07-05 19:10:46,15695.24,2492.68,12043.38,23.3,9680.88,2770.89,1373.66,283.05,3238.63,2048.0,0.0,2048.0
2025-07-05 19:10:47,15695.24,2494.87,12041.22,23.3,9678.73,2771.35,1373.66,283.05,3238.59,2048.0,0.0,2048.0
2025-07-05 19:10:48,15695.24,2495.77,12040.11,23.3,9677.61,2771.31,1373.66,283.05,3238.8,2048.0,0.0,2048.0
2025-07-05 19:10:49,15695.24,2480.12,12056.78,23.2,9694.29,2771.36,1373.66,283.05,3237.77,2048.0,0.0,2048.0
2025-07-05 19:10:50,15695.24,2504.82,12032.04,23.3,9669.54,2771.41,1373.67,283.05,3237.82,2048.0,0.0,2048.0
2025-07-05 19:10:51,15695.24,2495.58,12040.29,23.3,9677.79,2771.44,1373.67,283.05,3238.82,2048.0,0.0,2048.0
2025-07-05 19:10:52,15695.24,2498.11,12037.69,23.3,9675.19,2772.29,1373.67,283.05,3238.88,2048.0,0.0,2048.0
2025-07-05 19:10:53,15695.24,2504.67,12031.45,23.3,9668.95,2772.5,1373.67,283.05,3238.57,2048.0,0.0,2048.0
2025-07-05 19:10:54,15695.24,2503.57,12032.43,23.3,9669.92,2772.43,1373.67,283.06,3238.69,2048.0,0.0,2048.0
2025-07-05 19:10:55,15695.24,2520.17,12015.89,23.4,9653.38,2772.45,1373.68,283.06,3238.62,2048.0,0.0,2048.0
2025-07-05 19:10:56,15695.24,2516.11,12020.01,23.4,9657.5,2771.31,1373.68,283.06,3238.57,2048.0,0.0,2048.0
2025-07-05 19:10:57,15695.24,2522.87,12012.67,23.5,9650.15,2771.64,1373.68,283.07,3239.15,2048.0,0.0,2048.0
2025-07-05 19:10:58,15695.24,2525.71,12011.14,23.5,9648.48,2777.79,1373.83,283.1,3237.95,2048.0,0.0,2048.0
2025-07-05 19:10:59,15695.24,2513.78,12022.56,23.4,9659.89,2777.92,1373.83,283.1,3238.47,2048.0,0.0,2048.0
2025-07-05 19:11:00,15695.24,2502.59,12032.77,23.3,9670.11,2777.94,1373.83,283.1,3239.45,2048.0,0.0,2048.0
2025-07-05 19:11:01,15695.24,2501.06,12035.47,23.3,9672.8,2778.23,1373.83,283.1,3238.27,2048.0,0.0,2048.0
2025-07-05 19:11:02,15695.24,2518.06,12018.31,23.4,9655.64,2778.23,1373.84,283.1,3238.44,2048.0,0.0,2048.0
2025-07-05 19:11:03,15695.24,2515.48,12021.05,23.4,9658.37,2778.67,1373.85,283.13,3238.26,2048.0,0.0,2048.0
2025-07-05 19:11:04,15695.24,2497.44,12038.49,23.3,9675.79,2778.04,1373.87,283.13,3238.88,2048.0,0.0,2048.0
2025-07-05 19:11:05,15695.24,2487.98,12048.07,23.2,9684.46,2776.73,1374.6,283.16,3239.63,2048.0,0.0,2048.0
2025-07-05 19:11:06,15695.24,2501.68,12033.8,23.3,9670.14,2776.93,1374.64,283.18,3240.23,2048.0,0.0,2048.0
2025-07-05 19:11:07,15695.24,2488.72,12048.03,23.2,9684.36,2776.98,1374.64,283.18,3238.98,2048.0,0.0,2048.0
2025-07-05 19:11:08,15695.24,2483.86,12051.84,23.2,9688.16,2770.17,1374.64,283.18,3240.04,2048.0,0.0,2048.0
2025-07-05 19:11:09,15695.24,2500.82,12035.27,23.3,9671.59,2770.2,1374.64,283.18,3239.64,2048.0,0.0,2048.0
2025-07-05 19:11:10,15695.24,2511.39,12024.0,23.4,9660.25,2770.29,1374.64,283.19,3240.41,2048.0,0.0,2048.0
2025-07-05 19:11:11,15695.24,2509.25,12026.8,23.4,9663.05,2770.3,1374.64,283.19,3239.75,2048.0,0.0,2048.0
2025-07-05 19:11:12,15695.24,2515.12,12021.64,23.4,9657.88,2770.32,1374.66,283.19,3239.05,2048.0,0.0,2048.0
2025-07-05 19:11:13,15695.24,2504.39,12032.06,23.3,9668.3,2770.32,1374.66,283.19,3239.36,2048.0,0.0,2048.0
2025-07-05 19:11:14,15695.24,2499.56,12035.39,23.3,9671.63,2770.35,1374.66,283.19,3240.86,2048.0,0.0,2048.0
2025-07-05 19:11:15,15695.24,2506.5,12029.62,23.4,9665.85,2770.12,1374.66,283.19,3239.7,2048.0,0.0,2048.0
2025-07-05 19:11:16,15695.24,2491.26,12044.19,23.3,9680.42,2770.38,1374.66,283.2,3240.36,2048.0,0.0,2048.0
2025-07-05 19:11:17,15695.24,2478.2,12058.09,23.2,9694.32,2770.33,1374.66,283.2,3239.52,2048.0,0.0,2048.0
2025-07-05 19:11:18,15695.24,2474.05,12062.71,23.1,9698.93,2770.26,1374.66,283.2,3239.06,2048.0,0.0,2048.0
2025-07-05 19:11:19,15695.24,2488.7,12047.63,23.2,9683.82,2770.3,1374.67,283.2,3239.53,2048.0,0.0,2048.0
2025-07-05 19:11:20,15695.24,2487.31,12048.18,23.2,9684.36,2770.32,1374.67,283.2,3240.37,2048.0,0.0,2048.0
2025-07-05 19:11:21,15695.24,2492.97,12043.79,23.3,9679.97,2770.32,1374.68,283.2,3239.09,2048.0,0.0,2048.0
2025-07-05 19:11:22,15695.24,2496.05,12040.87,23.3,9677.05,2770.32,1374.68,283.2,3238.94,2048.0,0.0,2048.0
2025-07-05 19:11:23,15695.24,2488.84,12047.52,23.2,9683.69,2770.34,1374.68,283.2,3239.5,2048.0,0.0,2048.0
2025-07-05 19:11:24,15695.24,2494.48,12041.12,23.3,9677.3,2770.66,1374.68,283.2,3240.25,2048.0,0.0,2048.0
2025-07-05 19:11:25,15695.24,2496.07,12039.39,23.3,9675.56,2770.36,1374.68,283.2,3240.4,2048.0,0.0,2048.0
2025-07-05 19:11:26,15695.24,2520.27,12015.89,23.4,9652.06,2770.36,1374.68,283.21,3239.7,2048.0,0.0,2048.0
2025-07-05 19:11:27,15695.24,2505.97,12031.55,23.3,9667.55,2777.11,1374.84,283.25,3238.46,2048.0,0.0,2048.0
2025-07-05 19:11:28,15695.24,2489.12,12048.49,23.2,9684.5,2777.2,1374.84,283.25,3238.38,2048.0,0.0,2048.0
2025-07-05 19:11:29,15695.24,2496.43,12040.79,23.3,9676.8,2777.24,1374.84,283.25,3238.75,2048.0,0.0,2048.0
2025-07-05 19:11:30,15695.24,2506.27,12030.99,23.3,9667.0,2777.28,1374.84,283.25,3238.73,2048.0,0.0,2048.0
2025-07-05 19:11:31,15695.24,2507.43,12030.43,23.3,9666.44,2777.28,1374.84,283.25,3238.12,2048.0,0.0,2048.0
2025-07-05 19:11:32,15695.24,2508.58,12028.65,23.4,9664.66,2777.57,1374.84,283.27,3238.73,2048.0,0.0,2048.0
2025-07-05 19:11:33,15695.24,2496.31,12040.95,23.3,9676.96,2777.3,1374.84,283.27,3238.71,2048.0,0.0,2048.0
2025-07-05 19:11:34,15695.24,2482.71,12054.32,23.2,9690.31,2778.7,1374.86,283.27,3238.95,2048.0,0.0,2048.0
2025-07-05 19:11:35,15695.24,2483.48,12052.53,23.2,9688.52,2778.9,1374.86,283.27,3239.97,2048.0,0.0,2048.0
2025-07-05 19:11:36,15695.24,2494.45,12041.9,23.3,9677.86,2777.92,1374.86,283.27,3239.66,2048.0,0.0,2048.0
2025-07-05 19:11:37,15695.24,2483.13,12053.25,23.2,9689.21,2771.61,1374.86,283.28,3239.62,2048.0,0.0,2048.0
2025-07-05 19:11:38,15695.24,2486.81,12048.68,23.2,9684.61,2771.55,1374.87,283.28,3240.54,2048.0,0.0,2048.0
2025-07-05 19:11:39,15695.24,2486.84,12048.99,23.2,9684.92,2771.74,1374.87,283.28,3240.2,2048.0,0.0,2048.0
2025-07-05 19:11:40,15695.24,2472.39,12064.02,23.1,9699.95,2771.7,1374.87,283.28,3239.62,2048.0,0.0,2048.0
2025-07-05 19:11:41,15695.24,2475.02,12061.58,23.2,9697.51,2771.68,1374.87,283.28,3239.43,2048.0,0.0,2048.0
2025-07-05 19:11:42,15695.24,2492.94,12043.29,23.3,9679.23,2771.59,1374.87,283.28,3239.8,2048.0,0.0,2048.0
2025-07-05 19:11:43,15695.24,2477.93,12058.43,23.2,9694.35,2771.57,1374.88,283.29,3239.68,2048.0,0.0,2048.0
2025-07-05 19:11:44,15695.24,2497.54,12039.34,23.3,9675.26,2771.94,1374.88,283.29,3239.15,2048.0,0.0,2048.0
2025-07-05 19:11:45,15695.24,2491.2,12043.79,23.3,9679.7,2772.16,1374.88,283.29,3241.06,2048.0,0.0,2048.0
2025-07-05 19:11:46,15695.24,2481.54,12054.1,23.2,9690.01,2773.21,1374.88,283.29,3240.4,2048.0,0.0,2048.0
2025-07-05 19:11:47,15695.24,2476.24,12060.12,23.2,9696.02,2772.13,1374.88,283.29,3239.7,2048.0,0.0,2048.0
2025-07-05 19:11:48,15695.24,2484.49,12051.32,23.2,9687.21,2772.16,1374.88,283.29,3240.24,2048.0,0.0,2048.0
2025-07-05 19:11:49,15695.24,2482.95,12053.54,23.2,9689.43,2772.2,1374.88,283.29,3239.57,2048.0,0.0,2048.0
2025-07-05 19:11:50,15695.24,2486.37,12049.18,23.2,9685.07,2772.24,1374.88,283.29,3240.51,2048.0,0.0,2048.0
2025-07-05 19:11:51,15695.24,2480.98,12055.55,23.2,9691.43,2772.27,1374.88,283.29,3239.53,2048.0,0.0,2048.0
2025-07-05 19:11:52,15695.24,2495.69,12040.44,23.3,9676.33,2772.3,1374.88,283.29,3239.93,2048.0,0.0,2048.0
2025-07-05 19:11:53,15695.24,2489.46,12047.57,23.2,9683.45,2772.34,1374.88,283.3,3239.02,2048.0,0.0,2048.0
2025-07-05 19:11:54,15695.24,2487.73,12048.14,23.2,9684.02,2772.35,1374.88,283.3,3240.19,2048.0,0.0,2048.0
2025-07-05 19:11:55,15695.24,2485.57,12049.69,23.2,9685.57,2772.39,1374.89,283.3,3240.8,2048.0,0.0,2048.0
2025-07-05 19:11:56,15695.24,2482.14,12054.17,23.2,9690.05,2772.42,1374.89,283.3,3239.75,2048.0,0.0,2048.0
2025-07-05 19:11:57,15695.24,2476.54,12059.3,23.2,9695.04,2779.15,1375.02,283.33,3240.33,2048.0,0.0,2048.0
2025-07-05 19:11:58,15695.24,2485.92,12050.14,23.2,9685.86,2779.27,1375.04,283.33,3240.12,2048.0,0.0,2048.0
2025-07-05 19:11:59,15695.24,2490.61,12045.37,23.3,9681.09,2779.67,1375.04,283.33,3240.2,2048.0,0.0,2048.0
2025-07-05 19:12:00,15695.24,2479.03,12057.47,23.2,9693.19,2779.45,1375.04,283.33,3239.68,2048.0,0.0,2048.0
2025-07-05 19:12:01,15695.24,2484.67,12050.94,23.2,9686.65,2780.26,1375.05,283.33,3240.59,2048.0,0.0,2048.0
2025-07-05 19:12:02,15695.24,2503.99,12031.38,23.3,9667.09,2780.44,1375.05,283.34,3240.82,2048.0,0.0,2048.0
2025-07-05 19:12:03,15695.24,2505.9,12028.05,23.4,9663.76,2780.46,1375.06,283.34,3242.23,2048.0,0.0,2048.0
2025-07-05 19:12:04,15695.24,2501.73,12032.15,23.3,9667.85,2780.52,1375.06,283.34,3242.32,2048.0,0.0,2048.0
2025-07-05 19:12:05,15695.24,2495.84,12038.95,23.3,9674.66,2779.42,1375.06,283.34,3241.4,2048.0,0.0,2048.0
2025-07-05 19:12:06,15695.24,2503.07,12030.74,23.3,9666.44,2779.5,1375.06,283.34,3242.38,2048.0,0.0,2048.0
2025-07-05 19:12:07,15695.24,2498.82,12036.28,23.3,9671.98,2772.62,1375.06,283.35,3241.09,2048.0,0.0,2048.0
2025-07-05 19:12:08,15695.24,2494.16,12040.1,23.3,9675.79,2772.59,1375.07,283.35,3241.94,2048.0,0.0,2048.0
2025-07-05 19:12:09,15695.24,2486.73,12047.56,23.2,9683.25,2772.71,1375.07,283.35,3241.91,2048.0,0.0,2048.0
2025-07-05 19:12:10,15695.24,2473.3,12060.57,23.2,9696.26,2772.73,1375.07,283.35,3242.32,2048.0,0.0,2048.0
2025-07-05 19:12:11,15695.24,2469.43,12064.74,23.1,9700.43,2772.59,1375.07,283.35,3242.03,2048.0,0.0,2048.0
2025-07-05 19:12:12,15695.24,2477.82,12056.62,23.2,9692.31,2772.77,1375.07,283.35,3241.75,2048.0,0.0,2048.0
2025-07-05 19:12:13,15695.24,2466.85,12066.76,23.1,9702.44,2772.77,1375.08,283.36,3242.59,2048.0,0.0,2048.0
2025-07-05 19:12:14,15695.24,2482.11,12052.02,23.2,9687.7,2772.79,1375.08,283.36,3242.07,2048.0,0.0,2048.0
2025-07-05 19:12:15,15695.24,2464.78,12069.39,23.1,9705.07,2772.85,1375.08,283.36,3242.03,2048.0,0.0,2048.0
2025-07-05 19:12:16,15695.24,2457.77,12078.56,23.0,9714.24,2772.85,1375.08,283.36,3239.88,2048.0,0.0,2048.0
2025-07-05 19:12:17,15695.24,2464.62,12071.26,23.1,9706.94,2772.79,1375.08,283.36,3240.32,2048.0,0.0,2048.0
2025-07-05 19:12:18,15695.24,2465.54,12070.21,23.1,9705.89,2772.76,1375.09,283.37,3240.45,2048.0,0.0,2048.0
2025-07-05 19:12:19,15695.24,2479.27,12055.89,23.2,9691.56,2772.55,1375.09,283.37,3241.04,2048.0,0.0,2048.0
2025-07-05 19:12:20,15695.24,2488.34,12047.67,23.2,9683.34,2773.08,1375.09,283.37,3240.2,2048.0,0.0,2048.0
2025-07-05 19:12:21,15695.24,2495.03,12041.27,23.3,9676.93,2772.9,1375.09,283.37,3239.91,2048.0,0.0,2048.0
2025-07-05 19:12:22,15695.24,2472.95,12063.05,23.1,9698.72,2772.93,1375.09,283.37,3240.2,2048.0,0.0,2048.0
2025-07-05 19:12:23,15695.24,2474.43,12061.5,23.2,9697.16,2772.9,1375.11,283.38,3240.28,2048.0,0.0,2048.0
2025-07-05 19:12:24,15695.24,2493.06,12040.14,23.3,9675.8,2772.95,1375.11,283.38,3243.0,2048.0,0.0,2048.0
2025-07-05 19:12:25,15695.24,2518.68,12015.31,23.4,9650.87,2772.96,1375.2,283.38,3242.32,2048.0,0.0,2048.0
2025-07-05 19:12:26,15695.24,2527.2,12006.18,23.5,9641.7,2779.82,1375.24,283.41,3242.94,2048.0,0.0,2048.0
2025-07-05 19:12:27,15695.24,2531.52,12003.58,23.5,9639.1,2779.73,1375.24,283.41,3241.22,2048.0,0.0,2048.0
2025-07-05 19:12:28,15695.24,2537.36,11996.12,23.6,9631.63,2779.86,1375.24,283.41,3242.84,2048.0,0.0,2048.0
2025-07-05 19:12:29,15695.24,2534.13,12000.6,23.5,9636.12,2794.13,1375.24,283.41,3241.59,2048.0,0.0,2048.0
2025-07-05 19:12:30,15695.24,2512.12,12021.08,23.4,9656.59,2779.92,1375.24,283.41,3243.12,2048.0,0.0,2048.0
2025-07-05 19:12:31,15695.24,2494.64,12041.65,23.3,9677.17,2779.94,1375.24,283.42,3240.02,2048.0,0.0,2048.0
2025-07-05 19:12:32,15695.24,2483.55,12053.53,23.2,9689.04,2779.94,1375.25,283.42,3239.23,2048.0,0.0,2048.0
2025-07-05 19:12:33,15695.24,2495.64,12040.89,23.3,9676.39,2779.95,1375.25,283.42,3239.79,2048.0,0.0,2048.0
2025-07-05 19:12:34,15695.24,2508.29,12027.05,23.4,9662.55,2779.96,1375.25,283.42,3240.97,2048.0,0.0,2048.0
2025-07-05 19:12:35,15695.24,2504.61,12032.21,23.3,9667.71,2779.96,1375.25,283.42,3239.5,2048.0,0.0,2048.0
2025-07-05 19:12:36,15695.24,2476.76,12059.26,23.2,9694.75,2773.07,1375.25,283.43,3240.3,2048.0,0.0,2048.0
2025-07-05 19:12:37,15695.24,2471.27,12065.18,23.1,9700.66,2773.09,1375.26,283.43,3239.89,2048.0,0.0,2048.0
2025-07-05 19:12:38,15695.24,2475.23,12060.56,23.2,9696.04,2773.42,1375.26,283.43,3240.55,2048.0,0.0,2048.0
2025-07-05 19:12:39,15695.24,2492.12,12045.08,23.3,9680.56,2773.12,1375.26,283.43,3239.14,2048.0,0.0,2048.0
2025-07-05 19:12:40,15695.24,2498.51,12038.49,23.3,9673.97,2773.12,1375.26,283.43,3239.33,2048.0,0.0,2048.0
2025-07-05 19:12:41,15695.24,2484.03,12052.78,23.2,9688.26,2773.13,1375.26,283.43,3239.52,2048.0,0.0,2048.0
2025-07-05 19:12:42,15695.24,2485.93,12052.1,23.2,9687.57,2773.14,1375.27,283.43,3238.31,2048.0,0.0,2048.0
2025-07-05 19:12:43,15695.24,2495.66,12042.43,23.3,9677.9,2773.12,1375.27,283.43,3238.24,2048.0,0.0,2048.0
2025-07-05 19:12:44,15695.24,2508.47,12028.0,23.4,9663.47,2773.17,1375.27,283.43,3239.86,2048.0,0.0,2048.0
2025-07-05 19:12:45,15695.24,2505.35,12030.18,23.4,9665.64,2773.22,1375.27,283.43,3240.81,2048.0,0.0,2048.0
2025-07-05 19:12:46,15695.24,2486.39,12049.66,23.2,9685.12,2773.22,1375.27,283.43,3240.29,2048.0,0.0,2048.0
2025-07-05 19:12:47,15695.24,2487.48,12046.1,23.2,9681.56,2773.29,1375.27,283.44,3242.75,2048.0,0.0,2048.0
2025-07-05 19:12:48,15695.24,2486.52,12047.34,23.2,9682.79,2773.32,1375.29,283.44,3242.49,2048.0,0.0,2048.0
2025-07-05 19:12:49,15695.24,2496.56,12037.94,23.3,9673.39,2773.34,1375.29,283.44,3241.85,2048.0,0.0,2048.0
2025-07-05 19:12:50,15695.24,2516.38,12017.09,23.4,9652.54,2773.34,1375.29,283.44,3242.88,2048.0,0.0,2048.0
2025-07-05 19:12:51,15695.24,2509.48,12024.9,23.4,9660.36,2773.38,1375.29,283.44,3241.96,2048.0,0.0,2048.0
2025-07-05 19:12:52,15695.24,2514.72,12019.21,23.4,9654.66,2773.41,1375.29,283.45,3242.41,2048.0,0.0,2048.0
2025-07-05 19:12:53,15695.24,2499.47,12034.42,23.3,9669.86,2773.44,1375.29,283.45,3242.45,2048.0,0.0,2048.0
2025-07-05 19:12:54,15695.24,2493.95,12042.4,23.3,9677.84,2773.05,1375.3,283.45,3240.0,2048.0,0.0,2048.0
2025-07-05 19:12:55,15695.24,2489.7,12046.67,23.2,9682.01,2773.75,1375.4,283.45,3240.08,2048.0,0.0,2048.0
2025-07-05 19:12:56,15695.24,2504.0,12031.33,23.3,9666.64,2780.26,1375.43,283.48,3241.12,2048.0,0.0,2048.0
2025-07-05 19:12:57,15695.24,2507.39,12026.87,23.4,9662.17,2780.38,1375.43,283.48,3242.2,2048.0,0.0,2048.0
2025-07-05 19:12:58,15695.24,2518.1,12015.7,23.4,9651.0,2780.41,1375.43,283.48,3242.66,2048.0,0.0,2048.0
2025-07-05 19:12:59,15695.24,2506.23,12028.61,23.4,9663.91,2780.32,1375.43,283.48,3241.61,2048.0,0.0,2048.0
2025-07-05 19:13:00,15695.24,2517.03,12019.15,23.4,9654.45,2780.5,1375.43,283.48,3240.28,2048.0,0.0,2048.0
2025-07-05 19:13:01,15695.24,2520.68,12016.34,23.4,9651.62,2780.53,1375.45,283.5,3239.44,2048.0,0.0,2048.0
2025-07-05 19:13:02,15695.24,2535.88,11999.67,23.5,9634.96,2780.38,1375.45,283.5,3240.91,2048.0,0.0,2048.0
2025-07-05 19:13:03,15695.24,2531.59,12004.33,23.5,9639.61,2780.56,1375.45,283.5,3240.54,2048.0,0.0,2048.0
2025-07-05 19:13:04,15695.24,2514.46,12021.27,23.4,9656.56,2780.59,1375.45,283.5,3240.72,2048.0,0.0,2048.0
2025-07-05 19:13:05,15695.24,2518.45,12018.08,23.4,9653.36,2781.02,1375.45,283.5,3239.93,2048.0,0.0,2048.0
2025-07-05 19:13:06,15695.24,2527.93,12006.75,23.5,9642.03,2774.45,1375.46,283.5,3241.77,2048.0,0.0,2048.0
2025-07-05 19:13:07,15695.24,2528.23,12006.25,23.5,9641.53,2774.17,1375.46,283.5,3241.98,2048.0,0.0,2048.0
2025-07-05 19:13:08,15695.24,2530.32,12004.56,23.5,9639.84,2774.17,1375.46,283.5,3241.57,2048.0,0.0,2048.0
2025-07-05 19:13:09,15695.24,2519.68,12014.75,23.4,9650.02,2774.2,1375.46,283.5,3242.03,2048.0,0.0,2048.0
2025-07-05 19:13:10,15695.24,2534.01,12000.82,23.5,9636.09,2774.21,1375.46,283.5,3241.63,2048.0,0.0,2048.0
2025-07-05 19:13:11,15695.24,2524.63,12009.19,23.5,9644.46,2774.22,1375.46,283.51,3242.63,2048.0,0.0,2048.0
2025-07-05 19:13:12,15695.24,2530.5,12003.95,23.5,9639.23,2787.83,1375.46,283.51,3242.0,2048.0,0.0,2048.0
2025-07-05 19:13:13,15695.24,2504.42,12031.52,23.3,9666.8,2775.1,1375.46,283.51,3240.51,2048.0,0.0,2048.0
2025-07-05 19:13:14,15695.24,2506.03,12030.46,23.3,9665.74,2775.07,1375.46,283.51,3239.95,2048.0,0.0,2048.0
2025-07-05 19:13:15,15695.24,2523.43,12012.37,23.5,9647.64,2775.13,1375.46,283.51,3240.66,2048.0,0.0,2048.0
2025-07-05 19:13:16,15695.24,2521.76,12014.61,23.5,9649.88,2774.27,1375.47,283.52,3240.09,2048.0,0.0,2048.0
2025-07-05 19:13:17,15695.24,2508.49,12025.37,23.4,9660.63,2774.27,1375.47,283.52,3242.59,2048.0,0.0,2048.0
2025-07-05 19:13:18,15695.24,2503.81,12030.08,23.4,9665.34,2774.29,1375.48,283.52,3242.57,2048.0,0.0,2048.0
2025-07-05 19:13:19,15695.24,2505.57,12028.24,23.4,9663.5,2774.31,1375.48,283.52,3242.64,2048.0,0.0,2048.0
2025-07-05 19:13:20,15695.24,2510.02,12023.84,23.4,9659.1,2774.32,1375.48,283.52,3242.61,2048.0,0.0,2048.0
2025-07-05 19:13:21,15695.24,2495.75,12039.11,23.3,9674.36,2774.32,1375.48,283.52,3241.61,2048.0,0.0,2048.0
2025-07-05 19:13:22,15695.24,2475.13,12059.12,23.2,9694.37,2774.34,1375.48,283.53,3242.21,2048.0,0.0,2048.0
2025-07-05 19:13:23,15695.24,2479.06,12054.32,23.2,9689.57,2774.34,1375.49,283.53,3243.08,2048.0,0.0,2048.0
2025-07-05 19:13:24,15695.24,2486.5,12050.09,23.2,9685.29,2774.35,1375.53,283.53,3239.92,2048.0,0.0,2048.0
2025-07-05 19:13:25,15695.24,2493.31,12043.69,23.3,9678.8,2781.19,1375.62,283.56,3239.57,2048.0,0.0,2048.0
2025-07-05 19:13:26,15695.24,2499.54,12036.22,23.3,9671.33,2781.2,1375.62,283.56,3240.8,2048.0,0.0,2048.0
2025-07-05 19:13:27,15695.24,2495.14,12042.48,23.3,9677.59,2781.24,1375.62,283.56,3238.95,2048.0,0.0,2048.0
2025-07-05 19:13:28,15695.24,2487.67,12048.36,23.2,9683.47,2781.25,1375.62,283.56,3240.54,2048.0,0.0,2048.0
2025-07-05 19:13:29,15695.24,2506.36,12030.34,23.4,9665.45,2781.25,1375.62,283.56,3239.87,2048.0,0.0,2048.0
2025-07-05 19:13:30,15695.24,2520.8,12016.3,23.4,9651.4,2781.24,1375.63,283.57,3239.47,2048.0,0.0,2048.0
2025-07-05 19:13:31,15695.24,2520.38,12016.49,23.4,9651.59,2781.25,1375.63,283.57,3239.7,2048.0,0.0,2048.0
2025-07-05 19:13:32,15695.24,2531.12,12006.11,23.5,9641.21,2781.27,1375.63,283.57,3239.34,2048.0,0.0,2048.0
2025-07-05 19:13:33,15695.24,2508.38,12029.08,23.4,9664.18,2781.27,1375.63,283.57,3239.11,2048.0,0.0,2048.0
2025-07-05 19:13:34,15695.24,2501.52,12035.89,23.3,9670.99,2781.07,1375.63,283.57,3239.16,2048.0,0.0,2048.0
2025-07-05 19:13:35,15695.24,2496.75,12038.76,23.3,9673.85,2774.31,1375.64,283.58,3241.06,2048.0,0.0,2048.0
2025-07-05 19:13:36,15695.24,2483.04,12051.37,23.2,9686.46,2774.42,1375.64,283.58,3242.16,2048.0,0.0,2048.0
2025-07-05 19:13:37,15695.24,2479.22,12055.67,23.2,9690.76,2774.22,1375.64,283.58,3241.68,2048.0,0.0,2048.0
2025-07-05 19:13:38,15695.24,2473.6,12060.25,23.2,9695.34,2774.5,1375.64,283.58,3242.72,2048.0,0.0,2048.0
2025-07-05 19:13:39,15695.24,2467.93,12066.87,23.1,9701.95,2774.72,1375.64,283.58,3241.77,2048.0,0.0,2048.0
2025-07-05 19:13:40,15695.24,2471.64,12062.64,23.1,9697.73,2774.85,1375.64,283.59,3242.29,2048.0,0.0,2048.0
2025-07-05 19:13:41,15695.24,2476.38,12058.25,23.2,9693.33,2774.43,1375.65,283.59,3241.94,2048.0,0.0,2048.0
2025-07-05 19:13:42,15695.24,2489.58,12044.33,23.3,9679.41,2774.61,1375.65,283.59,3242.66,2048.0,0.0,2048.0
2025-07-05 19:13:43,15695.24,2493.0,12041.89,23.3,9676.97,2774.88,1375.65,283.59,3241.68,2048.0,0.0,2048.0
2025-07-05 19:13:44,15695.24,2492.63,12041.72,23.3,9676.8,2774.65,1375.65,283.59,3242.22,2048.0,0.0,2048.0
2025-07-05 19:13:45,15695.24,2503.29,12032.62,23.3,9667.7,2774.46,1375.65,283.59,3240.66,2048.0,0.0,2048.0
2025-07-05 19:13:46,15695.24,2493.37,12042.37,23.3,9677.44,2774.7,1375.66,283.59,3240.84,2048.0,0.0,2048.0
2025-07-05 19:13:47,15695.24,2486.68,12046.68,23.2,9681.75,2774.74,1375.66,283.59,3243.21,2048.0,0.0,2048.0
2025-07-05 19:13:48,15695.24,2487.89,12044.91,23.3,9679.96,2774.75,1375.68,283.59,3243.79,2048.0,0.0,2048.0
2025-07-05 19:13:49,15695.24,2498.18,12013.26,23.5,9648.3,2774.76,1375.69,283.59,3265.16,2048.0,0.0,2048.0
2025-07-05 19:13:50,15695.24,2528.01,11991.08,23.6,9626.12,2774.82,1375.69,283.59,3257.51,2048.0,0.0,2048.0
2025-07-05 19:13:51,15695.24,2514.05,12006.09,23.5,9641.12,2774.83,1375.7,283.6,3256.46,2048.0,0.0,2048.0
2025-07-05 19:13:52,15695.24,2513.83,12006.23,23.5,9641.25,2774.84,1375.7,283.6,3256.55,2048.0,0.0,2048.0
2025-07-05 19:13:53,15695.24,2523.0,11999.11,23.5,9634.14,2774.86,1375.71,283.6,3254.5,2048.0,0.0,2048.0
2025-07-05 19:13:54,15695.24,2535.06,11987.27,23.6,9622.3,2774.9,1375.71,283.6,3254.28,2048.0,0.0,2048.0
2025-07-05 19:13:55,15695.24,2531.0,11990.62,23.6,9625.51,2783.81,1375.84,283.64,3255.09,2048.0,0.0,2048.0
2025-07-05 19:13:56,15695.24,2527.39,11994.14,23.6,9629.03,2781.73,1375.84,283.64,3255.18,2048.0,0.0,2048.0
2025-07-05 19:13:57,15695.24,2510.66,12011.41,23.5,9646.3,2781.77,1375.84,283.64,3254.64,2048.0,0.0,2048.0
2025-07-05 19:13:58,15695.24,2504.91,12016.76,23.4,9651.63,2781.92,1375.85,283.64,3255.06,2048.0,0.0,2048.0
2025-07-05 19:13:59,15695.24,2505.29,12016.85,23.4,9651.73,2781.98,1375.85,283.64,3254.58,2048.0,0.0,2048.0
2025-07-05 19:14:00,15695.24,2500.11,12022.17,23.4,9657.04,2781.99,1375.85,283.65,3254.44,2048.0,0.0,2048.0
2025-07-05 19:14:01,15695.24,2496.27,12025.36,23.4,9660.23,2782.0,1375.85,283.65,3255.09,2048.0,0.0,2048.0
2025-07-05 19:14:02,15695.24,2499.98,12022.3,23.4,9657.16,2782.02,1375.86,283.65,3254.45,2048.0,0.0,2048.0
2025-07-05 19:14:03,15695.24,2505.31,12016.34,23.4,9651.2,2782.03,1375.86,283.65,3255.08,2048.0,0.0,2048.0
2025-07-05 19:14:04,15695.24,2503.51,12019.16,23.4,9654.02,2782.05,1375.86,283.65,3254.07,2048.0,0.0,2048.0
2025-07-05 19:14:05,15695.24,2495.87,12025.68,23.4,9660.52,2775.2,1375.86,283.66,3255.2,2048.0,0.0,2048.0
2025-07-05 19:14:06,15695.24,2488.3,12032.64,23.3,9667.48,2775.23,1375.87,283.66,3255.8,2048.0,0.0,2048.0
2025-07-05 19:14:07,15695.24,2493.08,12028.94,23.4,9663.77,2775.25,1375.88,283.66,3254.73,2048.0,0.0,2048.0
2025-07-05 19:14:08,15695.24,2493.55,12028.55,23.4,9663.37,2775.27,1375.89,283.66,3254.65,2048.0,0.0,2048.0
2025-07-05 19:14:09,15695.24,2507.67,12013.86,23.5,9648.68,2775.28,1375.89,283.66,3255.23,2048.0,0.0,2048.0
2025-07-05 19:14:10,15695.24,2515.46,12007.07,23.5,9641.89,2775.28,1375.89,283.67,3254.21,2048.0,0.0,2048.0
2025-07-05 19:14:11,15695.24,2512.28,12007.36,23.5,9642.09,2775.69,1375.89,283.67,3257.2,2048.0,0.0,2048.0
2025-07-05 19:14:12,15695.24,2510.93,12009.61,23.5,9644.34,2775.7,1375.89,283.67,3256.3,2048.0,0.0,2048.0
2025-07-05 19:14:13,15695.24,2522.19,11997.02,23.6,9631.74,2775.71,1375.89,283.67,3257.64,2048.0,0.0,2048.0
2025-07-05 19:14:14,15695.24,2514.25,12005.43,23.5,9640.15,2775.73,1375.89,283.67,3257.18,2048.0,0.0,2048.0
2025-07-05 19:14:15,15695.24,2516.15,12004.63,23.5,9639.36,2775.66,1375.89,283.67,3256.06,2048.0,0.0,2048.0
2025-07-05 19:14:16,15695.24,2499.34,12020.96,23.4,9655.67,2775.66,1375.91,283.68,3256.55,2048.0,0.0,2048.0
2025-07-05 19:14:17,15695.24,2484.66,12035.61,23.3,9670.32,2775.66,1375.91,283.68,3256.57,2048.0,0.0,2048.0
2025-07-05 19:14:18,15695.24,2509.55,12011.22,23.5,9645.93,2775.67,1375.91,283.68,3256.08,2048.0,0.0,2048.0
2025-07-05 19:14:19,15695.24,2499.09,12022.42,23.4,9657.13,2775.68,1375.91,283.68,3255.35,2048.0,0.0,2048.0
2025-07-05 19:14:20,15695.24,2501.21,12022.8,23.4,9657.5,2776.24,1375.91,283.68,3252.85,2048.0,0.0,2048.0
2025-07-05 19:14:21,15695.24,2498.03,12025.09,23.4,9659.79,2776.28,1375.92,283.68,3253.73,2048.0,0.0,2048.0
2025-07-05 19:14:22,15695.24,2491.07,12032.56,23.3,9667.26,2776.57,1375.92,283.68,3253.23,2048.0,0.0,2048.0
2025-07-05 19:14:23,15695.24,2514.12,12011.97,23.5,9646.61,2775.44,1375.98,283.68,3250.83,2048.0,0.0,2048.0
2025-07-05 19:14:24,15695.24,2534.99,11988.0,23.6,9622.57,2782.21,1376.05,283.71,3253.97,2048.0,0.0,2048.0
2025-07-05 19:14:25,15695.24,2528.62,11994.12,23.6,9628.69,2782.39,1376.05,283.71,3254.21,2048.0,0.0,2048.0
2025-07-05 19:14:26,15695.24,2506.04,12017.98,23.4,9652.55,2782.37,1376.05,283.71,3252.94,2048.0,0.0,2048.0
2025-07-05 19:14:27,15695.24,2497.3,12026.19,23.4,9660.75,2782.32,1376.05,283.71,3253.47,2048.0,0.0,2048.0
2025-07-05 19:14:28,15695.24,2504.26,12019.79,23.4,9654.35,2782.16,1376.06,283.71,3252.91,2048.0,0.0,2048.0
2025-07-05 19:14:29,15695.24,2499.58,12023.52,23.4,9658.06,2782.38,1376.07,283.73,3253.87,2048.0,0.0,2048.0
2025-07-05 19:14:30,15695.24,2507.34,12017.22,23.4,9651.76,2782.94,1376.07,283.73,3252.41,2048.0,0.0,2048.0
2025-07-05 19:14:31,15695.24,2492.61,12032.94,23.3,9667.48,2782.99,1376.07,283.73,3251.42,2048.0,0.0,2048.0
2025-07-05 19:14:32,15695.24,2509.47,12016.16,23.4,9650.7,2782.95,1376.07,283.73,3251.34,2048.0,0.0,2048.0
2025-07-05 19:14:33,15695.24,2492.04,12032.66,23.3,9667.21,2783.05,1376.07,283.73,3252.26,2048.0,0.0,2048.0
2025-07-05 19:14:34,15695.24,2494.77,12028.89,23.4,9663.44,2776.56,1376.07,283.73,3253.3,2048.0,0.0,2048.0
2025-07-05 19:14:35,15695.24,2491.7,12033.02,23.3,9667.57,2776.36,1376.07,283.73,3252.24,2048.0,0.0,2048.0
2025-07-05 19:14:36,15695.24,2482.63,12042.43,23.3,9676.96,2776.42,1376.08,283.73,3251.91,2048.0,0.0,2048.0
2025-07-05 19:14:37,15695.24,2506.41,12017.66,23.4,9652.19,2790.02,1376.08,283.73,3252.91,2048.0,0.0,2048.0
2025-07-05 19:14:38,15695.24,2494.96,12029.41,23.4,9663.95,2776.5,1376.08,283.73,3252.59,2048.0,0.0,2048.0
2025-07-05 19:14:39,15695.24,2486.91,12035.75,23.3,9670.29,2776.56,1376.08,283.74,3254.3,2048.0,0.0,2048.0
2025-07-05 19:14:40,15695.24,2501.47,12021.16,23.4,9655.68,2776.6,1376.09,283.74,3254.34,2048.0,0.0,2048.0
2025-07-05 19:14:41,15695.24,2494.43,12028.23,23.4,9662.76,2776.67,1376.09,283.74,3254.3,2048.0,0.0,2048.0
2025-07-05 19:14:42,15695.24,2497.66,12024.54,23.4,9659.07,2776.71,1376.09,283.74,3254.77,2048.0,0.0,2048.0
2025-07-05 19:14:43,15695.24,2506.39,12016.19,23.4,9650.72,2776.75,1376.09,283.74,3254.38,2048.0,0.0,2048.0
2025-07-05 19:14:44,15695.24,2505.18,12017.3,23.4,9651.83,2776.74,1376.09,283.74,3254.49,2048.0,0.0,2048.0
2025-07-05 19:14:45,15695.24,2509.47,12012.71,23.5,9647.23,2776.83,1376.09,283.75,3254.78,2048.0,0.0,2048.0
2025-07-05 19:14:46,15695.24,2511.61,12010.38,23.5,9644.91,2776.82,1376.09,283.75,3254.97,2048.0,0.0,2048.0
2025-07-05 19:14:47,15695.24,2515.57,12006.66,23.5,9641.17,2776.86,1376.1,283.75,3254.75,2048.0,0.0,2048.0
2025-07-05 19:14:48,15695.24,2511.55,12011.68,23.5,9646.2,2776.89,1376.1,283.75,3253.75,2048.0,0.0,2048.0
2025-07-05 19:14:49,15695.24,2511.47,12010.75,23.5,9645.27,2776.94,1376.1,283.75,3254.75,2048.0,0.0,2048.0
2025-07-05 19:14:50,15695.24,2517.13,12005.37,23.5,9639.88,2776.96,1376.1,283.76,3254.47,2048.0,0.0,2048.0
2025-07-05 19:14:51,15695.24,2523.27,11998.95,23.6,9633.46,2776.99,1376.11,283.76,3254.75,2048.0,0.0,2048.0
2025-07-05 19:14:52,15695.24,2520.59,12002.27,23.5,9636.77,2777.02,1376.11,283.76,3254.12,2048.0,0.0,2048.0
2025-07-05 19:14:53,15695.24,2537.73,11984.08,23.6,9618.52,2777.06,1376.16,283.76,3255.23,2048.0,0.0,2048.0
2025-07-05 19:14:54,15695.24,2543.91,11978.73,23.7,9613.14,2783.96,1376.2,283.79,3254.4,2048.0,0.0,2048.0
2025-07-05 19:14:55,15695.24,2538.04,11984.83,23.6,9619.2,2784.31,1376.24,283.79,3254.21,2048.0,0.0,2048.0
2025-07-05 19:14:56,15695.24,2520.54,12004.64,23.5,9639.01,2784.27,1376.24,283.79,3251.9,2048.0,0.0,2048.0
